id,title,score,num_comments,author,created_utc,url,over_18,edited,spoiler,stickied
1lby55q,Processing 50 Million Brazilian Companies: Lessons from Building an Open-Source Government Data Pipeline,137,12,caiopizzol,2025-06-15 11:29:19,https://www.reddit.com/r/dataengineering/comments/1lby55q/processing_50_million_brazilian_companies_lessons/,False,False,False,False
1lc1ke2,Tired of Spark overhead; built a Polars catalog on Delta Lake.,51,22,Mission-Balance-4250,2025-06-15 14:25:24,https://www.reddit.com/r/dataengineering/comments/1lc1ke2/tired_of_spark_overhead_built_a_polars_catalog_on/,False,False,False,False
1lbrhw6,Free tier isn’t enough — how can I learn Azure Data Factory more effectively?,27,6,Thinh127,2025-06-15 04:14:45,https://www.reddit.com/r/dataengineering/comments/1lbrhw6/free_tier_isnt_enough_how_can_i_learn_azure_data/,False,False,False,False
1lc2270,"I've built my ETL Pipeline, should I focus on optimising my pipeline or should I focus on building an endpoint for my data?",21,7,godz_ares,2025-06-15 14:47:27,https://www.reddit.com/r/dataengineering/comments/1lc2270/ive_built_my_etl_pipeline_should_i_focus_on/,False,False,False,False
1lbrlb0,Structuring a dbt project for fact and dimension tables?,21,18,seph2o,2025-06-15 04:20:13,https://www.reddit.com/r/dataengineering/comments/1lbrlb0/structuring_a_dbt_project_for_fact_and_dimension/,False,False,False,False
1lbvlrb,How will Cloudfare remove its GCP dependency?,9,6,ScienceInformal3001,2025-06-15 08:40:31,https://www.reddit.com/r/dataengineering/comments/1lbvlrb/how_will_cloudfare_remove_its_gcp_dependency/,False,False,False,False
1lbvhtk,Kafka and Airflow,7,5,Hot_While_6471,2025-06-15 08:33:12,https://www.reddit.com/r/dataengineering/comments/1lbvhtk/kafka_and_airflow/,False,False,False,False
1lc08vf,Seeking Feedback on User ID Unification with Spark/GraphX and Delta Lake,5,4,Majestic-Method-5549,2025-06-15 13:24:09,https://www.reddit.com/r/dataengineering/comments/1lc08vf/seeking_feedback_on_user_id_unification_with/,False,False,False,False
1lbybox,Trying to extract structured info from 2k+ logs (free text) - NLP or regex?,5,10,airgonawt,2025-06-15 11:40:29,https://www.reddit.com/r/dataengineering/comments/1lbybox/trying_to_extract_structured_info_from_2k_logs/,False,False,False,False
1lc6c73,Data engineer in HFT,6,1,Stock_Wallaby9748,2025-06-15 17:47:27,https://www.reddit.com/r/dataengineering/comments/1lc6c73/data_engineer_in_hft/,False,False,False,False
1lbt9pr,Durable Functions or Synapse/Databricks for Delta Lake validation and writeback?,3,0,throwme-ariver,2025-06-15 06:03:54,https://www.reddit.com/r/dataengineering/comments/1lbt9pr/durable_functions_or_synapsedatabricks_for_delta/,False,False,False,False
1lcee1h,A new data lakehouse with DuckLake and dbt,2,0,Alphajack99,2025-06-15 23:40:07,https://giacomo.coletto.io/blog/ducklake/,False,False,False,False
1lc11fa,Has anyone implemented auto-segmentation for unstructured text?,2,2,rizomr,2025-06-15 14:01:26,https://www.reddit.com/r/dataengineering/comments/1lc11fa/has_anyone_implemented_autosegmentation_for/,False,False,False,False
1lceuii,Delta Lake / Delta Lake OSS and Unity Catalog / Unity Catalog OSS,2,0,AMDataLake,2025-06-16 00:02:36,https://www.reddit.com/r/dataengineering/comments/1lceuii/delta_lake_delta_lake_oss_and_unity_catalog_unity/,False,False,False,False
1lcdtvx,JSON viewer,1,0,Certain_Tune_5774,2025-06-15 23:12:58,https://github.com/SamVellaUK/jsonBrowser,False,False,False,False
1lcbue4,"What should come first, data pipeline or containerization",1,11,aythekay,2025-06-15 21:40:35,https://www.reddit.com/r/dataengineering/comments/1lcbue4/what_should_come_first_data_pipeline_or/,False,False,False,False
1lc2us0,New to Data Science/Data Analysis— Which Enterprise Tool Should I Learn First?,0,3,waathafuck,2025-06-15 15:21:46,https://www.reddit.com/r/dataengineering/comments/1lc2us0/new_to_data_sciencedata_analysis_which_enterprise/,False,False,False,False
1lbuv0p,"PageRank, simillars/alternatives and Search Engines",0,1,Eumatio,2025-06-15 07:50:10,https://www.reddit.com/r/dataengineering/comments/1lbuv0p/pagerank_simillarsalternatives_and_search_engines/,False,False,False,False
1lbunhz,What Should I do ? Please help !!,0,6,FickleAd1062,2025-06-15 07:36:21,https://www.reddit.com/r/dataengineering/comments/1lbunhz/what_should_i_do_please_help/,False,False,False,False
1lc9afx,Is there a cursor for us DATA folks?,0,19,Blacklist_MMK,2025-06-15 19:50:31,https://www.reddit.com/r/dataengineering/comments/1lc9afx/is_there_a_cursor_for_us_data_folks/,False,False,False,False
1lc234x,Built a binary-structured database that writes and reads 1M records in 3s using <1.1GB RAM,0,26,Ok-Kaleidoscope-246,2025-06-15 14:48:38,https://www.reddit.com/r/dataengineering/comments/1lc234x/built_a_binarystructured_database_that_writes_and/,False,False,False,False
